"","MoleculeID","Opera_LogP","Opera_LogWS","Opera_LogBCF","Opera_LogKM","padel_nAromBond","padel_AATS6m","padel_AATS1v","padel_AATS3v","padel_AATS4v","padel_AATS6v","padel_AATS0i","padel_AATS1i","padel_AATS2i","padel_AATSC0p","padel_GATS1i","padel_nBase","padel_C2SP2","padel_CrippenLogP","padel_SsssN","padel_minHBd","padel_minssCH2","padel_minsssN","padel_maxHBa","padel_LipoaffinityIndex","padel_ETA_dEpsilon_B","padel_ETA_EtaP_F","padel_ZMIC1","padel_ZMIC2","padel_Kier2","padel_XLogP"
"57","DTXSID2060092",NA,2.12039458877999,-0.30466151372362,-1.28266151798743,-0.352984729893449,-0.869292914660168,-0.236756062163854,-0.262088743851294,-1.44592926301306,-1.76377108925497,-0.337351557620756,-0.20202539112288,-0.776654073167437,-0.328727204690211,-1.21839358631167,-0.490563539433066,-0.299792878882121,-0.4862396638393,-0.593899024179223,1.43341251593163,-0.549463598442481,-0.712382893105428,-0.476214635945865,-0.955688375271494,NA,NA,-1.20289783671242,-1.23044337176125,-1.3412375268281,-0.82447359495104
